min_revenue,max_revenue,min_fare,max_fare,min_passengers,max_passengers,min_seats,max_seats
0.00,181922694.02,0.000000,4179.583333,0.0000000000,381773.0000000000,0.0000000000,464211.0000000000
