load_factor_band,route_quarters,passengers,estimated_revenue
<50%,17329,8058621.0000000000,1284805798.56
50–70%,14539,162775719.0000000000,25471864191.52
70–80%,22680,580849635.0000000000,102298196382.91
80–90%,40453,1399487747.0000000000,290209238032.04
>90%,15899,286778868.0000000000,72087504872.77
