route_quarters,min_passengers,mean_passengers,max_passengers,stddev_passengers
118500,0.0000000000,20573.4228523206,381773.0000000000,39384.0562945008
