top_1pct_passengers,top_5pct_passengers,top_10pct_passengers,total_passengers
297512977.0000000000,946393191.0000000000,1393420850.0000000000,2437950608.0000000000
